Year,Sex,Age,Area,Value,Flags
"2013","Female","30-34 years","Seaview",69,
"2013","Female","40-44 years","Seaview",69,
"2013","Female","65-69 years","Glenwood",51,
"2013","Male","70-74 years","Levels",90,
"2013","Female","95-99 years","Timaru Gardens",0,
"2013","Male","40-44 years","Winchester",9,
"2013","Female","45-49 years","Winchester",9,
"2013","Male","25-29 years","Levels",54,
"2013","Male","55-59 years","Fairview-Scarborough",24,
"2013","Female","80-84 years","Pleasant Point",12,
"2013","Male","55-59 years","Parkside",69,
"2013","Female","5-9 years","Geraldine",69,
"2013","Female","65-69 years","Pareora",12,
"2013","Female","95-99 years","Waimataitai",3,
"2013","Female","85-89 years","Seaview",42,
"2013","Male","95-99 years","Marchwiel",0,
"2013","Female","65-69 years","Watlington",45,
"2013","Male","55-59 years","Pleasant Point",51,
"2013","Female","25-29 years","Fraser Park",78,
"2013","Male","10-14 years","Highfield",108,
"2013","Male","70-74 years","Otipua Creek-Washdyke Flat",27,
"2013","Male","90-94 years","Orari",6,
"2013","Male","75-79 years","Winchester",6,
"2013","Male","80-84 years","Highfield",51,
"2013","Female","100 years and over","Ben Mcleod",,c
"2013","Male","45-49 years","Parkside",78,
"2013","Female","100 years and over","Redruth",,c
"2013","Female","60-64 years","Waimataitai",42,
"2013","Male","70-74 years","Glenwood",30,
"2013","Female","55-59 years","Winchester",,c
"2013","Male","30-34 years","Watlington",60,
"2013","Female","75-79 years","Seaview",60,
"2013","Female","45-49 years","Watlington",81,
"2013","Male","60-64 years","Marchwiel",111,
"2013","Female","5-9 years","Seaview",39,
"2013","Female","10-14 years","Redruth",,c
"2013","Male","25-29 years","Glenwood",33,
"2013","Female","95-99 years","Fairview-Scarborough",0,
"2013","Female","35-39 years","Maori Park",33,
"2013","Male","95-99 years","Redruth",,c
"2013","Female","85-89 years","Timaru Gardens",15,
"2013","Male","20-24 years","Parkside",87,
"2013","Female","75-79 years","Marchwiel",84,
"2013","Female","90-94 years","Gleniti",33,
"2013","Female","15-19 years","Waimataitai",24,
"2013","Male","90-94 years","Highfield",12,
"2013","Male","10-14 years","Inlet-Port Timaru",,c
"2013","Female","80-84 years","Maori Park",21,
"2013","Female","0-4 years","Maori Park",18,
"2013","Female","30-34 years","Marchwiel",102,
"2013","Male","5-9 years","Watlington",63,
"2013","Female","10-14 years","Ben Mcleod",,c
"2013","Female","100 years and over","Temuka",0,
"2013","Female","50-54 years","Highfield",126,
"2013","Female","60-64 years","Fairview-Scarborough",27,
"2013","Female","30-34 years","Temuka",90,
"2013","Male","0-4 years","Fairview-Scarborough",3,
"2013","Male","75-79 years","Watlington",24,
"2013","Male","60-64 years","Seaview",75,
"2013","Male","10-14 years","Orari",222,
"2013","Male","45-49 years","Waimataitai",36,
"2013","Female","10-14 years","Maori Park",27,
"2013","Male","65-69 years","Maori Park",36,
"2013","Male","25-29 years","Otipua Creek-Washdyke Flat",12,
"2013","Female","70-74 years","Fraser Park",93,
"2013","Male","100 years and over","Winchester",,c
"2013","Male","80-84 years","Fraser Park",42,
"2013","Male","65-69 years","Winchester",9,
"2013","Female","25-29 years","Highfield",78,
"2013","Female","70-74 years","Highfield",84,
"2013","Male","55-59 years","Fraser Park",84,
"2013","Male","15-19 years","Otipua Creek-Washdyke Flat",21,
"2013","Male","45-49 years","Fraser Park",78,
"2013","Female","90-94 years","Watlington",15,
"2013","Male","30-34 years","Gleniti",33,
"2013","Male","50-54 years","Temuka",141,
"2013","Male","20-24 years","Orari",117,
"2013","Female","20-24 years","Ben Mcleod",18,
"2013","Male","15-19 years","Marchwiel",123,
"2013","Male","15-19 years","Glenwood",54,
"2013","Male","85-89 years","Pareora",,c
"2013","Male","5-9 years","Pareora",18,
"2013","Male","70-74 years","Timaru Gardens",30,
"2013","Male","80-84 years","Fairview-Scarborough",3,
"2013","Female","0-4 years","Winchester",6,
"2013","Male","10-14 years","Fairview-Scarborough",21,
"2013","Male","75-79 years","Pareora",,c
"2013","Female","45-49 years","Gleniti",90,
"2013","Male","65-69 years","Parkside",48,
"2013","Male","100 years and over","Orari",0,
"2013","Female","40-44 years","Geraldine",72,
"2013","Female","25-29 years","Inlet-Port Timaru",,c
"2013","Female","80-84 years","Washdyke",9,
"2013","Female","15-19 years","Geraldine",57,
"2013","Female","85-89 years","Geraldine",48,
"2013","Female","0-4 years","Inlet-Port Timaru",,c
"2013","Female","80-84 years","Inlet-Port Timaru",,c
"2013","Female","60-64 years","Orari",168,
"2013","Female","70-74 years","Parkside",57,
"2013","Female","85-89 years","Levels",12,
"2013","Female","20-24 years","Pareora",6,
"2013","Female","35-39 years","Washdyke",21,
"2013","Female","20-24 years","Marchwiel",108,
"2013","Female","95-99 years","Geraldine",3,
"2013","Female","70-74 years","Inlet-Port Timaru",,c
"2013","Female","15-19 years","Fraser Park",87,
"2013","Female","90-94 years","Maori Park",0,
"2013","Male","65-69 years","Inlet-Port Timaru",,c
"2013","Female","55-59 years","Ben Mcleod",,c
"2013","Male","100 years and over","Pleasant Point",0,
"2013","Female","5-9 years","Waimataitai",27,
"2013","Female","35-39 years","Parkside",72,
"2013","Male","25-29 years","Timaru Gardens",60,
"2013","Male","40-44 years","Pareora",18,
"2013","Female","0-4 years","Washdyke",12,
"2013","Female","70-74 years","Washdyke",21,
"2013","Male","20-24 years","Pleasant Point",30,
"2013","Female","80-84 years","Parkside",36,
"2013","Female","55-59 years","Pareora",15,
"2013","Female","95-99 years","Levels",0,
"2013","Male","40-44 years","Ben Mcleod",,c
"2013","Male","65-69 years","Washdyke",36,
"2013","Male","50-54 years","Redruth",,c
"2013","Male","85-89 years","Ben Mcleod",,c
"2013","Male","35-39 years","Timaru Gardens",39,
"2013","Female","35-39 years","Inlet-Port Timaru",,c
"2013","Male","40-44 years","Orari",156,
"2013","Female","35-39 years","Redruth",,c
"2013","Female","90-94 years","Washdyke",0,
"2013","Female","30-34 years","Glenwood",45,
"2013","Female","100 years and over","Pareora",,c
"2013","Male","90-94 years","Parkside",3,
"2013","Male","75-79 years","Gleniti",48,
"2013","Female","80-84 years","Winchester",,c
"2013","Female","75-79 years","Glenwood",51,
"2013","Male","85-89 years","Gleniti",24,
"2013","Male","90-94 years","Fairview-Scarborough",0,
"2013","Male","60-64 years","Levels",174,
"2013","Female","10-14 years","Winchester",15,
"2013","Male","25-29 years","Geraldine",36,
"2013","Male","10-14 years","Parkside",81,
"2013","Male","5-9 years","Redruth",,c
"2013","Male","0-4 years","Fraser Park",93,
"2013","Male","0-4 years","Geraldine",66,
"2013","Male","55-59 years","Washdyke",39,
"2013","Male","10-14 years","Pleasant Point",51,
"2013","Male","55-59 years","Inlet-Port Timaru",,c
"2013","Female","100 years and over","Watlington",3,
"2013","Male","20-24 years","Maori Park",33,
"2013","Male","5-9 years","Temuka",120,
"2013","Male","70-74 years","Geraldine",75,
"2013","Male","75-79 years","Ben Mcleod",,c
"2013","Male","95-99 years","Otipua Creek-Washdyke Flat",0,
"2013","Female","65-69 years","Redruth",,c
"2013","Male","75-79 years","Maori Park",27,
"2013","Female","60-64 years","Fraser Park",81,
"2013","Female","40-44 years","Glenwood",60,
"2013","Male","45-49 years","Highfield",108,
"2013","Male","5-9 years","Ben Mcleod",,c
"2013","Male","55-59 years","Orari",192,
"2013","Female","50-54 years","Timaru Gardens",63,
"2013","Female","30-34 years","Otipua Creek-Washdyke Flat",9,
"2013","Male","60-64 years","Glenwood",48,
"2013","Female","50-54 years","Waimataitai",45,
"2013","Female","55-59 years","Gleniti",84,
"2013","Female","70-74 years","Fairview-Scarborough",12,
"2013","Female","95-99 years","Highfield",9,
"2013","Female","90-94 years","Winchester",,c
"2013","Female","5-9 years","Levels",120,
"2013","Male","40-44 years","Gleniti",75,
"2013","Female","40-44 years","Otipua Creek-Washdyke Flat",33,
"2013","Female","10-14 years","Watlington",63,
"2013","Female","75-79 years","Levels",33,
"2013","Male","45-49 years","Orari",156,
"2013","Male","60-64 years","Otipua Creek-Washdyke Flat",27,
"2013","Male","30-34 years","Ben Mcleod",6,
"2013","Male","25-29 years","Seaview",102,
"2013","Female","10-14 years","Pareora",24,
"2013","Female","40-44 years","Levels",153,
"2013","Male","30-34 years","Maori Park",24,
"2013","Male","95-99 years","Glenwood",3,
"2013","Female","5-9 years","Otipua Creek-Washdyke Flat",15,
"2013","Male","80-84 years","Timaru Gardens",9,
"2013","Male","90-94 years","Waimataitai",0,
"2013","Female","25-29 years","Parkside",66,
"2013","Male","5-9 years","Marchwiel",129,
"2013","Male","95-99 years","Pareora",,c
"2013","Female","45-49 years","Maori Park",27,
"2013","Female","45-49 years","Ben Mcleod",,c
"2013","Male","80-84 years","Waimataitai",24,
"2013","Female","15-19 years","Highfield",150,
"2013","Male","100 years and over","Fraser Park",0,
"2013","Male","70-74 years","Seaview",54,
"2013","Female","25-29 years","Fairview-Scarborough",9,
"2013","Female","75-79 years","Otipua Creek-Washdyke Flat",15,
"2013","Female","65-69 years","Temuka",126,
"2013","Male","20-24 years","Washdyke",24,
"2013","Female","65-69 years","Levels",117,
"2013","Male","60-64 years","Ben Mcleod",,c
"2013","Female","65-69 years","Marchwiel",105,
"2013","Female","50-54 years","Levels",198,
"2013","Female","45-49 years","Washdyke",27,
"2013","Male","65-69 years","Pleasant Point",33,
"2013","Female","10-14 years","Gleniti",93,
"2013","Female","85-89 years","Otipua Creek-Washdyke Flat",3,
"2013","Female","70-74 years","Pleasant Point",36,
"2013","Male","100 years and over","Inlet-Port Timaru",,c
"2013","Male","40-44 years","Watlington",84,
"2013","Male","40-44 years","Redruth",,c
"2013","Male","100 years and over","Parkside",0,
"2013","Female","25-29 years","Orari",105,
"2013","Female","0-4 years","Pleasant Point",36,
"2013","Female","55-59 years","Temuka",129,
"2013","Female","50-54 years","Geraldine",105,
"2013","Female","70-74 years","Orari",93,
"2013","Female","90-94 years","Ben Mcleod",,c
"2013","Female","55-59 years","Redruth",,c
"2013","Male","85-89 years","Watlington",18,
"2013","Male","35-39 years","Levels",87,
"2013","Female","95-99 years","Pleasant Point",0,
"2013","Female","100 years and over","Gleniti",0,
"2013","Male","45-49 years","Fairview-Scarborough",24,
"2013","Female","20-24 years","Watlington",60,
"2013","Male","0-4 years","Highfield",96,
"2013","Male","50-54 years","Glenwood",45,
"2013","Male","0-4 years","Waimataitai",33,
"2013","Male","15-19 years","Temuka",126,
"2013","Male","70-74 years","Waimataitai",36,
"2013","Male","50-54 years","Pareora",15,
"2013","Male","30-34 years","Winchester",,c
"2013","Male","50-54 years","Marchwiel",108,
"2013","Male","15-19 years","Seaview",90,
"2013","Female","55-59 years","Watlington",87,
"2013","Male","10-14 years","Fraser Park",150,
"2013","Female","0-4 years","Gleniti",42,
"2013","Male","85-89 years","Temuka",27,
"2013","Female","85-89 years","Glenwood",39,
"2013","Female","40-44 years","Timaru Gardens",45,
"2013","Male","90-94 years","Fraser Park",3,
"2013","Female","35-39 years","Pleasant Point",48,
"2013","Female","20-24 years","Redruth",,c
"2013","Female","15-19 years","Fairview-Scarborough",18,
"2013","Male","35-39 years","Geraldine",51,
"2013","Male","95-99 years","Temuka",3,
"2013","Female","25-29 years","Pleasant Point",33,
"2013","Male","20-24 years","Inlet-Port Timaru",,c
"2013","Male","40-44 years","Temuka",126,
"2013","Male","65-69 years","Gleniti",75,
"2013","Female","60-64 years","Highfield",117,
"2013","Male","80-84 years","Geraldine",48,
"2013","Male","100 years and over","Washdyke",0,
"2013","Female","5-9 years","Timaru Gardens",30,
"2013","Female","35-39 years","Orari",138,
"2013","Female","45-49 years","Otipua Creek-Washdyke Flat",24,
"2013","Female","20-24 years","Temuka",108,
"2013","Female","5-9 years","Maori Park",18,
"2013","Female","70-74 years","Gleniti",66,
"2013","Female","45-49 years","Highfield",144,
"2013","Female","65-69 years","Fairview-Scarborough",21,
"2013","Male","35-39 years","Waimataitai",33,
"2013","Male","35-39 years","Highfield",69,
"2013","Male","30-34 years","Washdyke",21,
"2013","Female","35-39 years","Temuka",108,
"2013","Female","85-89 years","Waimataitai",9,
"2013","Male","85-89 years","Redruth",,c
"2013","Male","20-24 years","Timaru Gardens",60,
"2013","Female","40-44 years","Orari",168,
"2013","Female","35-39 years","Marchwiel",117,
"2013","Male","30-34 years","Otipua Creek-Washdyke Flat",9,
"2013","Female","70-74 years","Temuka",114,
"2013","Male","100 years and over","Otipua Creek-Washdyke Flat",0,
"2013","Male","40-44 years","Highfield",84,
"2013","Female","65-69 years","Inlet-Port Timaru",,c
"2013","Male","40-44 years","Inlet-Port Timaru",9,
"2013","Male","30-34 years","Fairview-Scarborough",3,
"2013","Female","15-19 years","Glenwood",48,
"2013","Female","85-89 years","Pareora",,c
"2013","Female","75-79 years","Fraser Park",60,
"2013","Female","5-9 years","Ben Mcleod",,c
"2013","Male","5-9 years","Inlet-Port Timaru",,c
"2013","Female","80-84 years","Marchwiel",75,
"2013","Female","40-44 years","Gleniti",90,
"2013","Female","95-99 years","Gleniti",9,
"2013","Male","100 years and over","Fairview-Scarborough",0,
"2013","Female","20-24 years","Geraldine",42,
"2013","Male","75-79 years","Inlet-Port Timaru",,c
"2013","Male","85-89 years","Highfield",33,
"2013","Male","20-24 years","Fairview-Scarborough",9,
"2013","Male","0-4 years","Watlington",99,
"2013","Male","60-64 years","Maori Park",45,
"2013","Male","75-79 years","Otipua Creek-Washdyke Flat",12,
"2013","Male","0-4 years","Glenwood",57,
"2013","Male","40-44 years","Washdyke",27,
"2013","Female","40-44 years","Maori Park",27,
"2013","Female","85-89 years","Gleniti",63,
"2013","Male","90-94 years","Maori Park",0,
"2013","Male","10-14 years","Watlington",66,
"2013","Male","60-64 years","Temuka",135,
"2013","Male","5-9 years","Otipua Creek-Washdyke Flat",21,
"2013","Female","90-94 years","Timaru Gardens",3,
"2013","Male","95-99 years","Fraser Park",0,
"2013","Female","90-94 years","Marchwiel",27,
"2013","Female","70-74 years","Marchwiel",111,
"2013","Male","50-54 years","Otipua Creek-Washdyke Flat",27,
"2013","Female","90-94 years","Waimataitai",3,
"2013","Male","20-24 years","Glenwood",24,
"2013","Female","95-99 years","Parkside",0,
"2013","Female","25-29 years","Washdyke",15,
"2013","Female","35-39 years","Ben Mcleod",,c
"2013","Female","60-64 years","Winchester",12,
"2013","Female","65-69 years","Otipua Creek-Washdyke Flat",30,
"2013","Female","15-19 years","Gleniti",81,
"2013","Male","35-39 years","Watlington",57,
"2013","Male","65-69 years","Seaview",39,
"2013","Female","30-34 years","Redruth",,c
"2013","Female","90-94 years","Parkside",9,
"2013","Female","20-24 years","Orari",102,
"2013","Female","60-64 years","Otipua Creek-Washdyke Flat",24,
"2013","Male","45-49 years","Pleasant Point",33,
"2013","Male","20-24 years","Winchester",9,
"2013","Female","55-59 years","Highfield",114,
"2013","Female","25-29 years","Seaview",72,
"2013","Male","40-44 years","Levels",141,
"2013","Female","40-44 years","Ben Mcleod",6,
"2013","Female","45-49 years","Levels",168,
"2013","Male","0-4 years","Levels",102,
"2013","Female","95-99 years","Glenwood",9,
"2013","Male","40-44 years","Seaview",57,
"2013","Female","100 years and over","Maori Park",0,
"2013","Male","5-9 years","Glenwood",63,
"2013","Male","55-59 years","Gleniti",72,
"2013","Female","30-34 years","Maori Park",21,
"2013","Female","0-4 years","Seaview",60,
"2013","Female","50-54 years","Watlington",66,
"2013","Female","80-84 years","Seaview",57,
"2013","Female","70-74 years","Seaview",63,
"2013","Male","0-4 years","Otipua Creek-Washdyke Flat",15,
"2013","Female","20-24 years","Inlet-Port Timaru",,c
"2013","Male","75-79 years","Glenwood",48,
"2013","Female","60-64 years","Levels",153,
"2013","Male","25-29 years","Fairview-Scarborough",6,
"2013","Female","65-69 years","Washdyke",30,
"2013","Male","65-69 years","Marchwiel",99,
"2013","Female","40-44 years","Redruth",,c
"2013","Female","30-34 years","Ben Mcleod",6,
"2013","Female","40-44 years","Temuka",129,
"2013","Female","20-24 years","Washdyke",15,
"2013","Female","60-64 years","Timaru Gardens",54,
"2013","Female","45-49 years","Fraser Park",96,
"2013","Male","70-74 years","Parkside",42,
"2013","Female","85-89 years","Parkside",30,
"2013","Male","20-24 years","Otipua Creek-Washdyke Flat",9,
"2013","Male","50-54 years","Parkside",81,
"2013","Male","70-74 years","Highfield",75,
"2013","Male","85-89 years","Orari",15,
"2013","Male","50-54 years","Gleniti",87,
"2013","Female","90-94 years","Otipua Creek-Washdyke Flat",0,
"2013","Female","90-94 years","Pleasant Point",3,
"2013","Female","75-79 years","Gleniti",69,
"2013","Male","15-19 years","Highfield",84,
"2013","Female","10-14 years","Pleasant Point",51,
"2013","Female","5-9 years","Fraser Park",93,
"2013","Female","55-59 years","Maori Park",45,
"2013","Female","15-19 years","Parkside",93,
"2013","Male","60-64 years","Redruth",,c
"2013","Male","20-24 years","Waimataitai",39,
"2013","Male","50-54 years","Pleasant Point",54,
"2013","Female","100 years and over","Geraldine",0,
"2013","Female","75-79 years","Geraldine",66,
"2013","Male","15-19 years","Inlet-Port Timaru",,c
"2013","Male","65-69 years","Temuka",132,
"2013","Male","70-74 years","Watlington",48,
"2013","Male","95-99 years","Watlington",0,
"2013","Male","75-79 years","Highfield",66,
"2013","Female","85-89 years","Pleasant Point",9,
"2013","Female","0-4 years","Fraser Park",72,
"2013","Male","0-4 years","Washdyke",21,
"2013","Female","50-54 years","Fraser Park",105,
"2013","Female","95-99 years","Otipua Creek-Washdyke Flat",0,
"2013","Female","15-19 years","Otipua Creek-Washdyke Flat",6,
"2013","Male","45-49 years","Glenwood",60,
"2013","Male","65-69 years","Orari",171,
"2013","Female","60-64 years","Inlet-Port Timaru",,c
"2013","Female","45-49 years","Inlet-Port Timaru",,c
"2013","Female","80-84 years","Gleniti",60,
"2013","Male","45-49 years","Gleniti",75,
"2013","Female","20-24 years","Seaview",93,
"2013","Female","40-44 years","Marchwiel",114,
"2013","Male","70-74 years","Pareora",9,
"2013","Female","60-64 years","Glenwood",69,
"2013","Female","25-29 years","Ben Mcleod",6,
"2013","Male","65-69 years","Ben Mcleod",,c
"2013","Female","30-34 years","Timaru Gardens",51,
"2013","Female","70-74 years","Geraldine",108,
"2013","Female","45-49 years","Glenwood",69,
"2013","Male","100 years and over","Levels",0,
"2013","Male","65-69 years","Redruth",,c
"2013","Female","100 years and over","Fraser Park",0,
"2013","Male","15-19 years","Orari",132,
"2013","Female","20-24 years","Levels",60,
"2013","Male","95-99 years","Gleniti",3,
"2013","Female","45-49 years","Pareora",18,
"2013","Male","5-9 years","Levels",123,
"2013","Female","100 years and over","Timaru Gardens",0,
"2013","Female","40-44 years","Fairview-Scarborough",21,
"2013","Female","90-94 years","Glenwood",12,
"2013","Female","25-29 years","Maori Park",42,
"2013","Female","15-19 years","Pleasant Point",24,
"2013","Male","10-14 years","Maori Park",27,
"2013","Male","95-99 years","Geraldine",0,
"2013","Female","30-34 years","Fraser Park",78,
"2013","Male","75-79 years","Parkside",30,
"2013","Female","5-9 years","Parkside",75,
"2013","Female","80-84 years","Highfield",90,
"2013","Male","80-84 years","Winchester",,c
"2013","Male","90-94 years","Glenwood",9,
"2013","Female","55-59 years","Marchwiel",114,
"2013","Female","25-29 years","Winchester",6,
"2013","Male","15-19 years","Maori Park",27,
"2013","Female","0-4 years","Highfield",78,
"2013","Female","70-74 years","Waimataitai",33,
"2013","Male","15-19 years","Watlington",99,
"2013","Female","90-94 years","Pareora",,c
"2013","Male","100 years and over","Timaru Gardens",0,
"2013","Male","35-39 years","Fairview-Scarborough",18,
"2013","Female","50-54 years","Glenwood",57,
"2013","Male","55-59 years","Maori Park",51,
"2013","Female","0-4 years","Waimataitai",36,
"2013","Male","0-4 years","Parkside",84,
"2013","Male","85-89 years","Otipua Creek-Washdyke Flat",3,
"2013","Female","100 years and over","Inlet-Port Timaru",,c
"2013","Male","0-4 years","Pareora",9,
"2013","Female","70-74 years","Redruth",,c
"2013","Male","15-19 years","Washdyke",30,
"2013","Male","0-4 years","Inlet-Port Timaru",,c
"2013","Female","80-84 years","Pareora",6,
"2013","Female","0-4 years","Geraldine",66,
"2013","Male","85-89 years","Maori Park",9,
"2013","Female","95-99 years","Marchwiel",3,
"2013","Male","35-39 years","Winchester",9,
"2013","Female","15-19 years","Marchwiel",99,
"2013","Male","30-34 years","Levels",66,
"2013","Female","100 years and over","Parkside",3,
"2013","Male","45-49 years","Otipua Creek-Washdyke Flat",24,
"2013","Male","100 years and over","Glenwood",0,
"2013","Male","5-9 years","Timaru Gardens",51,
"2013","Male","75-79 years","Washdyke",15,
"2013","Female","35-39 years","Seaview",69,
"2013","Male","60-64 years","Timaru Gardens",51,
"2013","Male","55-59 years","Watlington",51,
"2013","Female","15-19 years","Temuka",114,
"2013","Female","40-44 years","Pleasant Point",45,
"2013","Male","75-79 years","Fraser Park",39,
"2013","Female","65-69 years","Winchester",9,
"2013","Female","50-54 years","Winchester",12,
"2013","Male","20-24 years","Levels",51,
"2013","Female","60-64 years","Pareora",12,
"2013","Female","85-89 years","Marchwiel",51,
"2013","Female","80-84 years","Fraser Park",54,
"2013","Male","85-89 years","Marchwiel",30,
"2013","Female","45-49 years","Parkside",93,
"2013","Male","65-69 years","Geraldine",90,
"2013","Male","0-4 years","Timaru Gardens",42,
"2013","Male","35-39 years","Orari",126,
"2013","Male","15-19 years","Redruth",,c
"2013","Female","20-24 years","Highfield",63,
"2013","Female","15-19 years","Maori Park",24,
"2013","Female","90-94 years","Fraser Park",18,
"2013","Female","10-14 years","Fraser Park",72,
"2013","Male","75-79 years","Levels",33,
"2013","Male","5-9 years","Washdyke",21,
"2013","Female","55-59 years","Otipua Creek-Washdyke Flat",33,
"2013","Male","85-89 years","Glenwood",15,
"2013","Male","90-94 years","Ben Mcleod",,c
"2013","Female","60-64 years","Seaview",90,
"2013","Male","65-69 years","Waimataitai",33,
"2013","Female","50-54 years","Fairview-Scarborough",27,
"2013","Male","70-74 years","Pleasant Point",33,
"2013","Female","5-9 years","Inlet-Port Timaru",,c
"2013","Female","60-64 years","Pleasant Point",36,
"2013","Female","95-99 years","Seaview",0,
"2013","Female","80-84 years","Waimataitai",12,
"2013","Male","95-99 years","Winchester",,c
"2013","Female","20-24 years","Glenwood",36,
"2013","Female","100 years and over","Washdyke",0,
"2013","Male","65-69 years","Highfield",90,
"2013","Male","35-39 years","Glenwood",45,
"2013","Male","80-84 years","Ben Mcleod",,c
"2013","Female","65-69 years","Timaru Gardens",42,
"2013","Male","20-24 years","Gleniti",39,
"2013","Male","60-64 years","Winchester",12,
"2013","Male","0-4 years","Pleasant Point",54,
"2013","Male","45-49 years","Geraldine",69,
"2013","Female","75-79 years","Parkside",57,
"2013","Male","55-59 years","Geraldine",78,
"2013","Female","50-54 years","Pareora",12,
"2013","Male","55-59 years","Redruth",,c
"2013","Female","10-14 years","Inlet-Port Timaru",,c
"2013","Female","55-59 years","Glenwood",57,
"2013","Male","80-84 years","Marchwiel",60,
"2013","Male","45-49 years","Maori Park",33,
"2013","Female","35-39 years","Winchester",9,
"2013","Female","10-14 years","Washdyke",27,
"2013","Male","45-49 years","Levels",171,
"2013","Female","40-44 years","Waimataitai",36,
"2013","Male","75-79 years","Orari",63,
"2013","Male","100 years and over","Gleniti",0,
"2013","Female","90-94 years","Levels",3,
"2013","Male","95-99 years","Highfield",3,
"2013","Male","40-44 years","Marchwiel",105,
"2013","Female","85-89 years","Fraser Park",30,
"2013","Female","0-4 years","Parkside",78,
"2013","Male","50-54 years","Watlington",78,
"2013","Female","35-39 years","Waimataitai",27,
"2013","Female","85-89 years","Redruth",,c
"2013","Male","90-94 years","Pareora",,c
"2013","Female","70-74 years","Winchester",,c
"2013","Female","35-39 years","Highfield",93,
"2013","Male","30-34 years","Pleasant Point",21,
"2013","Female","50-54 years","Otipua Creek-Washdyke Flat",24,
"2013","Male","30-34 years","Orari",120,
"2013","Male","15-19 years","Pareora",18,
"2013","Male","50-54 years","Seaview",93,
"2013","Male","20-24 years","Temuka",87,
"2013","Female","85-89 years","Watlington",18,
"2013","Male","35-39 years","Pareora",12,
"2013","Male","80-84 years","Glenwood",24,
"2013","Female","30-34 years","Inlet-Port Timaru",,c
"2013","Male","50-54 years","Maori Park",42,
"2013","Male","60-64 years","Washdyke",45,
"2013","Female","50-54 years","Marchwiel",135,
"2013","Female","95-99 years","Fraser Park",3,
"2013","Female","95-99 years","Temuka",0,
"2013","Male","40-44 years","Otipua Creek-Washdyke Flat",18,
"2013","Male","10-14 years","Otipua Creek-Washdyke Flat",24,
"2013","Male","90-94 years","Otipua Creek-Washdyke Flat",0,
"2013","Female","5-9 years","Highfield",75,
"2013","Female","20-24 years","Winchester",,c
"2013","Female","25-29 years","Marchwiel",123,
"2013","Male","30-34 years","Timaru Gardens",45,
"2013","Male","45-49 years","Watlington",60,
"2013","Female","65-69 years","Gleniti",87,
"2013","Female","100 years and over","Winchester",,c
"2013","Female","60-64 years","Temuka",150,
"2013","Female","75-79 years","Waimataitai",36,
"2013","Male","60-64 years","Highfield",108,
"2013","Male","25-29 years","Orari",108,
"2013","Female","40-44 years","Inlet-Port Timaru",,c
"2013","Male","75-79 years","Fairview-Scarborough",6,
"2013","Male","80-84 years","Otipua Creek-Washdyke Flat",12,
"2013","Female","30-34 years","Parkside",69,
"2013","Male","20-24 years","Seaview",114,
"2013","Male","75-79 years","Timaru Gardens",24,
"2013","Female","10-14 years","Highfield",168,
"2013","Male","45-49 years","Redruth",,c
"2013","Male","5-9 years","Orari",174,
"2013","Female","40-44 years","Fraser Park",111,
"2013","Female","45-49 years","Orari",189,
"2013","Female","30-34 years","Winchester",,c
"2013","Female","10-14 years","Parkside",87,
"2013","Female","15-19 years","Redruth",,c
"2013","Female","60-64 years","Gleniti",87,
"2013","Female","95-99 years","Maori Park",0,
"2013","Female","30-34 years","Washdyke",21,
"2013","Female","90-94 years","Geraldine",21,
"2013","Female","10-14 years","Waimataitai",27,
"2013","Male","25-29 years","Pleasant Point",27,
"2013","Female","85-89 years","Maori Park",18,
"2013","Female","50-54 years","Ben Mcleod",,c
"2013","Female","75-79 years","Washdyke",18,
"2013","Female","40-44 years","Parkside",105,
"2013","Female","15-19 years","Levels",114,
"2013","Female","75-79 years","Highfield",81,
"2013","Male","55-59 years","Ben Mcleod",,c
"2013","Female","55-59 years","Levels",183,
"2013","Female","70-74 years","Timaru Gardens",36,
"2013","Male","80-84 years","Levels",24,
"2013","Male","60-64 years","Inlet-Port Timaru",,c
"2013","Female","65-69 years","Orari",138,
"2013","Male","35-39 years","Fraser Park",81,
"2013","Female","75-79 years","Inlet-Port Timaru",,c
"2013","Male","10-14 years","Levels",120,
"2013","Male","55-59 years","Levels",192,
"2013","Female","45-49 years","Timaru Gardens",57,
"2013","Female","40-44 years","Highfield",123,
"2013","Male","10-14 years","Ben Mcleod",,c
"2013","Female","20-24 years","Maori Park",45,
"2013","Male","10-14 years","Geraldine",60,
"2013","Male","90-94 years","Geraldine",9,
"2013","Female","5-9 years","Washdyke",21,
"2013","Female","95-99 years","Redruth",,c
"2013","Male","35-39 years","Parkside",69,
"2013","Female","90-94 years","Redruth",,c
"2013","Male","100 years and over","Highfield",3,
"2013","Male","55-59 years","Pareora",18,
"2013","Male","60-64 years","Parkside",66,
"2013","Female","90-94 years","Temuka",18,
"2013","Female","85-89 years","Fairview-Scarborough",3,
"2013","Male","30-34 years","Highfield",72,
"2013","Male","100 years and over","Waimataitai",0,
"2013","Female","30-34 years","Waimataitai",45,
"2013","Male","95-99 years","Seaview",0,
"2013","Male","80-84 years","Pareora",9,
"2013","Female","100 years and over","Waimataitai",0,
"2013","Male","35-39 years","Washdyke",24,
"2013","Male","70-74 years","Orari",99,
"2013","Female","60-64 years","Watlington",69,
"2013","Male","45-49 years","Temuka",135,
"2013","Female","20-24 years","Otipua Creek-Washdyke Flat",15,
"2013","Male","35-39 years","Inlet-Port Timaru",9,
"2013","Male","5-9 years","Fairview-Scarborough",9,
"2013","Male","85-89 years","Fairview-Scarborough",3,
"2013","Male","70-74 years","Gleniti",66,
"2013","Male","95-99 years","Inlet-Port Timaru",,c
"2013","Male","15-19 years","Ben Mcleod",6,
"2013","Male","60-64 years","Waimataitai",57,
"2013","Male","0-4 years","Gleniti",48,
"2013","Male","25-29 years","Highfield",60,
"2013","Male","15-19 years","Fairview-Scarborough",30,
"2013","Male","10-14 years","Glenwood",66,
"2013","Female","85-89 years","Temuka",39,
"2013","Female","75-79 years","Winchester",6,
"2013","Female","45-49 years","Fairview-Scarborough",30,
"2013","Female","5-9 years","Orari",147,
"2013","Male","90-94 years","Marchwiel",12,
"2013","Female","30-34 years","Gleniti",42,
"2013","Female","50-54 years","Redruth",,c
"2013","Male","85-89 years","Seaview",15,
"2013","Male","20-24 years","Watlington",60,
"2013","Male","55-59 years","Seaview",90,
"2013","Male","10-14 years","Pareora",15,
"2013","Male","25-29 years","Parkside",63,
"2013","Female","40-44 years","Pareora",18,
"2013","Male","10-14 years","Marchwiel",102,
"2013","Female","100 years and over","Highfield",0,
"2013","Female","30-34 years","Highfield",69,
"2013","Female","5-9 years","Pleasant Point",48,
"2013","Male","90-94 years","Winchester",,c
"2013","Female","90-94 years","Seaview",12,
"2013","Female","100 years and over","Orari",0,
"2013","Male","40-44 years","Glenwood",51,
"2013","Female","95-99 years","Watlington",3,
"2013","Female","5-9 years","Winchester",9,
"2013","Male","50-54 years","Fraser Park",111,
"2013","Female","40-44 years","Washdyke",30,
"2013","Male","0-4 years","Orari",174,
"2013","Male","50-54 years","Geraldine",81,
"2013","Male","50-54 years","Levels",183,
"2013","Female","65-69 years","Pleasant Point",36,
"2013","Female","55-59 years","Fairview-Scarborough",21,
"2013","Male","90-94 years","Seaview",6,
"2013","Female","65-69 years","Waimataitai",42,
"2013","Male","5-9 years","Geraldine",69,
"2013","Male","30-34 years","Inlet-Port Timaru",,c
"2013","Male","55-59 years","Temuka",129,
"2013","Female","10-14 years","Geraldine",51,
"2013","Female","50-54 years","Parkside",90,
"2013","Male","25-29 years","Gleniti",27,
"2013","Male","40-44 years","Fairview-Scarborough",21,
"2013","Female","80-84 years","Geraldine",60,
"2013","Female","10-14 years","Orari",168,
"2013","Male","30-34 years","Parkside",60,
"2013","Female","75-79 years","Pareora",,c
"2013","Female","25-29 years","Gleniti",24,
"2013","Female","35-39 years","Gleniti",69,
"2013","Male","20-24 years","Highfield",42,
"2013","Female","80-84 years","Orari",39,
"2013","Male","15-19 years","Gleniti",63,
"2013","Male","5-9 years","Gleniti",63,
"2013","Female","0-4 years","Orari",144,
"2013","Male","90-94 years","Levels",0,
"2013","Male","25-29 years","Redruth",,c
"2013","Female","25-29 years","Watlington",78,
"2013","Female","10-14 years","Otipua Creek-Washdyke Flat",24,
"2013","Male","75-79 years","Seaview",45,
"2013","Female","100 years and over","Pleasant Point",0,
"2013","Female","75-79 years","Timaru Gardens",24,
"2013","Male","15-19 years","Geraldine",66,
"2013","Male","60-64 years","Gleniti",90,
"2013","Male","100 years and over","Temuka",0,
"2013","Female","55-59 years","Pleasant Point",45,
"2013","Female","5-9 years","Glenwood",45,
"2013","Female","25-29 years","Otipua Creek-Washdyke Flat",6,
"2013","Female","100 years and over","Glenwood",0,
"2013","Female","45-49 years","Pleasant Point",42,
"2013","Female","25-29 years","Timaru Gardens",54,
"2013","Male","40-44 years","Timaru Gardens",51,
"2013","Male","20-24 years","Redruth",,c
"2013","Male","30-34 years","Marchwiel",114,
"2013","Female","25-29 years","Levels",51,
"2013","Male","85-89 years","Waimataitai",9,
"2013","Male","35-39 years","Ben Mcleod",,c
"2013","Female","35-39 years","Levels",111,
"2013","Female","0-4 years","Otipua Creek-Washdyke Flat",18,
"2013","Female","20-24 years","Fairview-Scarborough",12,
"2013","Female","65-69 years","Ben Mcleod",,c
"2013","Male","90-94 years","Pleasant Point",3,
"2013","Male","80-84 years","Parkside",36,
"2013","Female","70-74 years","Otipua Creek-Washdyke Flat",21,
"2013","Male","5-9 years","Maori Park",27,
"2013","Female","0-4 years","Pareora",9,
"2013","Male","60-64 years","Fairview-Scarborough",18,
"2013","Male","50-54 years","Highfield",117,
"2013","Female","25-29 years","Waimataitai",33,
"2013","Male","15-19 years","Levels",132,
"2013","Male","30-34 years","Temuka",81,
"2013","Male","80-84 years","Pleasant Point",15,
"2013","Female","75-79 years","Watlington",45,
"2013","Female","20-24 years","Parkside",96,
"2013","Female","70-74 years","Pareora",9,
"2013","Male","70-74 years","Fraser Park",51,
"2013","Female","60-64 years","Marchwiel",120,
"2013","Male","20-24 years","Ben Mcleod",12,
"2013","Male","65-69 years","Otipua Creek-Washdyke Flat",27,
"2013","Male","25-29 years","Waimataitai",33,
"2013","Male","50-54 years","Ben Mcleod",,c
"2013","Male","85-89 years","Levels",9,
"2013","Male","35-39 years","Maori Park",30,
"2013","Female","80-84 years","Fairview-Scarborough",6,
"2013","Female","30-34 years","Fairview-Scarborough",6,
"2013","Male","85-89 years","Geraldine",27,
"2013","Female","10-14 years","Fairview-Scarborough",27,
"2013","Male","40-44 years","Maori Park",27,
"2013","Female","55-59 years","Seaview",78,
"2013","Female","90-94 years","Fairview-Scarborough",0,
"2013","Male","55-59 years","Winchester",9,
"2013","Male","90-94 years","Gleniti",6,
"2013","Female","100 years and over","Fairview-Scarborough",0,
"2013","Female","65-69 years","Maori Park",42,
"2013","Male","35-39 years","Redruth",,c
"2013","Female","85-89 years","Inlet-Port Timaru",,c
"2013","Male","65-69 years","Fairview-Scarborough",30,
"2013","Male","85-89 years","Pleasant Point",3,
"2013","Female","80-84 years","Watlington",36,
"2013","Male","5-9 years","Seaview",48,
"2013","Male","25-29 years","Marchwiel",84,
"2013","Female","75-79 years","Fairview-Scarborough",6,
"2013","Female","60-64 years","Washdyke",51,
"2013","Female","35-39 years","Otipua Creek-Washdyke Flat",21,
"2013","Female","45-49 years","Marchwiel",129,
"2013","Female","0-4 years","Glenwood",45,
"2013","Male","25-29 years","Ben Mcleod",,c
"2013","Female","10-14 years","Levels",144,
"2013","Female","30-34 years","Levels",60,
"2013","Male","35-39 years","Gleniti",42,
"2013","Female","15-19 years","Watlington",78,
"2013","Male","45-49 years","Washdyke",30,
"2013","Female","50-54 years","Seaview",84,
"2013","Male","100 years and over","Marchwiel",0,
"2013","Female","80-84 years","Levels",15,
"2013","Male","15-19 years","Waimataitai",33,
"2013","Female","70-74 years","Glenwood",45,
"2013","Female","5-9 years","Watlington",63,
"2013","Male","0-4 years","Marchwiel",144,
"2013","Female","35-39 years","Watlington",78,
"2013","Male","40-44 years","Waimataitai",36,
"2013","Male","65-69 years","Glenwood",42,
"2013","Female","45-49 years","Temuka",156,
"2013","Male","100 years and over","Seaview",0,
"2013","Female","65-69 years","Seaview",75,
"2013","Female","5-9 years","Fairview-Scarborough",12,
"2013","Female","30-34 years","Pareora",12,
"2013","Female","95-99 years","Orari",3,
"2013","Male","85-89 years","Parkside",9,
"2013","Female","45-49 years","Seaview",93,
"2013","Female","80-84 years","Otipua Creek-Washdyke Flat",9,
"2013","Female","5-9 years","Pareora",18,
"2013","Female","95-99 years","Inlet-Port Timaru",,c
"2013","Male","85-89 years","Timaru Gardens",15,
"2013","Male","35-39 years","Marchwiel",93,
"2013","Male","70-74 years","Marchwiel",93,
"2013","Female","15-19 years","Inlet-Port Timaru",,c
"2013","Male","15-19 years","Timaru Gardens",54,
"2013","Female","100 years and over","Levels",0,
"2013","Male","60-64 years","Watlington",66,
"2013","Male","25-29 years","Fraser Park",78,
"2013","Male","40-44 years","Pleasant Point",42,
"2013","Male","35-39 years","Seaview",78,
"2013","Male","0-4 years","Maori Park",21,
"2013","Female","55-59 years","Timaru Gardens",51,
"2013","Male","65-69 years","Pareora",12,
"2013","Male","25-29 years","Temuka",90,
"2013","Male","75-79 years","Pleasant Point",27,
"2013","Female","70-74 years","Watlington",54,
"2013","Female","55-59 years","Waimataitai",54,
"2013","Female","100 years and over","Otipua Creek-Washdyke Flat",0,
"2013","Female","85-89 years","Washdyke",3,
"2013","Female","90-94 years","Highfield",45,
"2013","Male","95-99 years","Levels",0,
"2013","Male","75-79 years","Redruth",,c
"2013","Male","30-34 years","Redruth",,c
"2013","Male","100 years and over","Ben Mcleod",,c
"2013","Female","50-54 years","Gleniti",93,
"2013","Male","30-34 years","Seaview",60,
"2013","Female","40-44 years","Winchester",9,
"2013","Female","20-24 years","Timaru Gardens",75,
"2013","Male","10-14 years","Gleniti",84,
"2013","Female","10-14 years","Glenwood",48,
"2013","Male","95-99 years","Timaru Gardens",0,
"2013","Male","0-4 years","Ben Mcleod",,c
"2013","Male","35-39 years","Temuka",108,
"2013","Female","50-54 years","Pleasant Point",57,
"2013","Male","100 years and over","Maori Park",0,
"2013","Female","60-64 years","Maori Park",45,
"2013","Male","45-49 years","Inlet-Port Timaru",,c
"2013","Male","95-99 years","Waimataitai",3,
"2013","Male","55-59 years","Highfield",105,
"2013","Male","50-54 years","Winchester",18,
"2013","Female","55-59 years","Parkside",66,
"2013","Female","20-24 years","Gleniti",33,
"2013","Female","20-24 years","Pleasant Point",27,
"2013","Female","65-69 years","Fraser Park",69,
"2013","Female","60-64 years","Redruth",,c
"2013","Female","15-19 years","Washdyke",27,
"2013","Female","30-34 years","Watlington",66,
"2013","Male","75-79 years","Temuka",84,
"2013","Female","15-19 years","Orari",117,
"2013","Male","70-74 years","Maori Park",33,
"2013","Female","85-89 years","Orari",21,
"2013","Male","35-39 years","Pleasant Point",30,
"2013","Male","50-54 years","Orari",225,
"2013","Female","35-39 years","Glenwood",48,
"2013","Male","45-49 years","Winchester",12,
"2013","Female","35-39 years","Fairview-Scarborough",18,
"2013","Male","5-9 years","Pleasant Point",39,
"2013","Male","15-19 years","Parkside",108,
"2013","Male","100 years and over","Redruth",,c
"2013","Female","0-4 years","Watlington",87,
"2013","Male","70-74 years","Redruth",,c
"2013","Male","0-4 years","Temuka",117,
"2013","Male","90-94 years","Timaru Gardens",0,
"2013","Male","25-29 years","Maori Park",39,
"2013","Male","15-19 years","Pleasant Point",33,
"2013","Male","70-74 years","Ben Mcleod",,c
"2013","Male","0-4 years","Redruth",,c
"2013","Female","15-19 years","Winchester",6,
"2013","Female","45-49 years","Redruth",6,
"2013","Female","20-24 years","Waimataitai",33,
"2013","Female","85-89 years","Winchester",,c
"2013","Female","100 years and over","Seaview",0,
"2013","Male","30-34 years","Geraldine",36,
"2013","Female","25-29 years","Pareora",12,
"2013","Female","80-84 years","Glenwood",36,
"2013","Male","65-69 years","Watlington",42,
"2013","Male","70-74 years","Temuka",111,
"2013","Male","20-24 years","Geraldine",51,
"2013","Female","0-4 years","Fairview-Scarborough",15,
"2013","Male","60-64 years","Pareora",12,
"2013","Male","50-54 years","Waimataitai",51,
"2013","Male","20-24 years","Fraser Park",75,
"2013","Male","20-24 years","Marchwiel",105,
"2013","Female","0-4 years","Levels",81,
"2013","Male","60-64 years","Geraldine",84,
"2013","Female","75-79 years","Redruth",,c
"2013","Male","95-99 years","Parkside",0,
"2013","Male","60-64 years","Fraser Park",75,
"2013","Female","50-54 years","Inlet-Port Timaru",,c
"2013","Male","80-84 years","Gleniti",42,
"2013","Male","50-54 years","Inlet-Port Timaru",,c
"2013","Female","5-9 years","Redruth",,c
"2013","Male","25-29 years","Watlington",75,
"2013","Female","75-79 years","Maori Park",21,
"2013","Female","65-69 years","Geraldine",87,
"2013","Female","90-94 years","Inlet-Port Timaru",,c
"2013","Male","50-54 years","Timaru Gardens",48,
"2013","Male","85-89 years","Winchester",,c
"2013","Male","80-84 years","Washdyke",6,
"2013","Female","15-19 years","Seaview",81,
"2013","Female","60-64 years","Ben Mcleod",,c
"2013","Female","95-99 years","Washdyke",3,
"2013","Male","10-14 years","Timaru Gardens",48,
"2013","Male","80-84 years","Seaview",39,
"2013","Male","95-99 years","Fairview-Scarborough",0,
"2013","Female","80-84 years","Temuka",84,
"2013","Male","10-14 years","Washdyke",24,
"2013","Male","0-4 years","Seaview",78,
"2013","Female","10-14 years","Temuka",129,
"2013","Female","75-79 years","Ben Mcleod",,c
"2013","Male","65-69 years","Levels",138,
"2013","Male","10-14 years","Seaview",60,
"2013","Male","80-84 years","Inlet-Port Timaru",,c
"2013","Male","40-44 years","Parkside",78,
"2013","Female","0-4 years","Marchwiel",117,
"2013","Male","10-14 years","Waimataitai",21,
"2013","Male","30-34 years","Glenwood",36,
"2013","Male","5-9 years","Winchester",12,
"2013","Female","10-14 years","Seaview",69,
"2013","Female","25-29 years","Glenwood",36,
"2013","Female","70-74 years","Levels",66,
"2013","Female","60-64 years","Geraldine",105,
"2013","Female","90-94 years","Orari",6,
"2013","Female","50-54 years","Washdyke",45,
"2013","Male","50-54 years","Washdyke",39,
"2013","Male","100 years and over","Geraldine",0,
"2013","Male","30-34 years","Pareora",9,
"2013","Male","75-79 years","Marchwiel",63,
"2013","Female","85-89 years","Highfield",81,
"2013","Female","35-39 years","Fraser Park",99,
"2013","Male","90-94 years","Redruth",,c
"2013","Female","50-54 years","Temuka",147,
"2013","Female","15-19 years","Pareora",12,
"2013","Male","30-34 years","Waimataitai",33,
"2013","Male","90-94 years","Washdyke",0,
"2013","Male","95-99 years","Pleasant Point",0,
"2013","Female","50-54 years","Orari",219,
"2013","Female","0-4 years","Temuka",108,
"2013","Male","80-84 years","Redruth",,c
"2013","Male","30-34 years","Fraser Park",69,
"2013","Male","20-24 years","Pareora",9,
"2013","Female","35-39 years","Geraldine",54,
"2013","Male","100 years and over","Pareora",,c
"2013","Female","35-39 years","Pareora",9,
"2013","Female","40-44 years","Watlington",90,
"2013","Female","20-24 years","Fraser Park",75,
"2013","Male","15-19 years","Winchester",12,
"2013","Male","90-94 years","Inlet-Port Timaru",,c
"2013","Female","10-14 years","Marchwiel",108,
"2013","Female","65-69 years","Parkside",84,
"2013","Male","5-9 years","Waimataitai",36,
"2013","Female","55-59 years","Washdyke",36,
"2013","Male","80-84 years","Watlington",27,
"2013","Male","10-14 years","Redruth",,c
"2013","Male","75-79 years","Waimataitai",21,
"2013","Male","95-99 years","Washdyke",0,
"2013","Male","80-84 years","Maori Park",12,
"2013","Female","25-29 years","Temuka",96,
"2013","Male","100 years and over","Watlington",0,
"2013","Female","30-34 years","Geraldine",54,
"2013","Male","25-29 years","Washdyke",12,
"2013","Male","55-59 years","Glenwood",54,
"2013","Male","85-89 years","Inlet-Port Timaru",,c
"2013","Female","15-19 years","Timaru Gardens",30,
"2013","Male","10-14 years","Winchester",,c
"2013","Female","5-9 years","Marchwiel",126,
"2013","Female","80-84 years","Redruth",,c
"2013","Male","25-29 years","Pareora",6,
"2013","Male","65-69 years","Timaru Gardens",39,
"2013","Male","95-99 years","Ben Mcleod",,c
"2013","Female","80-84 years","Ben Mcleod",,c
"2013","Female","0-4 years","Timaru Gardens",54,
"2013","Female","30-34 years","Orari",111,
"2013","Male","25-29 years","Inlet-Port Timaru",9,
"2013","Female","0-4 years","Ben Mcleod",6,
"2013","Female","75-79 years","Temuka",108,
"2013","Male","95-99 years","Maori Park",0,
"2013","Female","10-14 years","Timaru Gardens",42,
"2013","Female","45-49 years","Waimataitai",45,
"2013","Male","35-39 years","Otipua Creek-Washdyke Flat",18,
"2013","Female","55-59 years","Inlet-Port Timaru",,c
"2013","Male","65-69 years","Fraser Park",69,
"2013","Male","60-64 years","Pleasant Point",45,
"2013","Male","40-44 years","Fraser Park",81,
"2013","Female","80-84 years","Timaru Gardens",27,
"2013","Female","55-59 years","Geraldine",96,
"2013","Female","5-9 years","Temuka",108,
"2013","Female","70-74 years","Maori Park",33,
"2013","Female","75-79 years","Orari",51,
"2013","Female","95-99 years","Pareora",,c
"2013","Female","75-79 years","Pleasant Point",27,
"2013","Male","55-59 years","Timaru Gardens",63,
"2013","Male","70-74 years","Fairview-Scarborough",18,
"2013","Female","100 years and over","Marchwiel",0,
"2013","Male","55-59 years","Waimataitai",45,
"2013","Male","80-84 years","Orari",48,
"2013","Female","85-89 years","Ben Mcleod",,c
"2013","Male","45-49 years","Timaru Gardens",48,
"2013","Male","45-49 years","Seaview",84,
"2013","Female","25-29 years","Geraldine",39,
"2013","Female","55-59 years","Orari",189,
"2013","Male","90-94 years","Watlington",3,
"2013","Female","15-19 years","Ben Mcleod",,c
"2013","Female","50-54 years","Maori Park",60,
"2013","Female","70-74 years","Ben Mcleod",,c
"2013","Male","85-89 years","Washdyke",3,
"2013","Female","0-4 years","Redruth",,c
"2013","Female","60-64 years","Parkside",66,
"2013","Female","95-99 years","Winchester",,c
"2013","Female","35-39 years","Timaru Gardens",42,
"2013","Female","55-59 years","Fraser Park",81,
"2013","Female","95-99 years","Ben Mcleod",,c
"2013","Male","5-9 years","Parkside",72,
"2013","Male","5-9 years","Highfield",72,
"2013","Male","0-4 years","Winchester",,c
"2013","Male","5-9 years","Fraser Park",90,
"2013","Male","80-84 years","Temuka",75,
"2013","Male","45-49 years","Ben Mcleod",6,
"2013","Male","95-99 years","Orari",3,
"2013","Male","45-49 years","Marchwiel",132,
"2013","Female","25-29 years","Redruth",,c
"2013","Male","25-29 years","Winchester",,c
"2013","Male","45-49 years","Pareora",30,
"2013","Male","75-79 years","Geraldine",57,
"2013","Male","70-74 years","Winchester",,c
"2013","Male","50-54 years","Fairview-Scarborough",30,
"2013","Male","70-74 years","Washdyke",24,
"2013","Male","55-59 years","Marchwiel",102,
"2013","Male","10-14 years","Temuka",132,
"2013","Male","60-64 years","Orari",192,
"2013","Female","5-9 years","Gleniti",63,
"2013","Male","90-94 years","Temuka",9,
"2013","Male","15-19 years","Fraser Park",144,
"2013","Male","70-74 years","Inlet-Port Timaru",,c
"2013","Female","65-69 years","Highfield",108,
"2013","Male","55-59 years","Otipua Creek-Washdyke Flat",18,
"2013","Female","45-49 years","Geraldine",90,
"2013","Male","85-89 years","Fraser Park",15,
"2013","Male","40-44 years","Geraldine",72,
"2013","Female","30-34 years","Pleasant Point",24,
